Month,Year,PRODUCTS,TRADE,"Quantity (000 Metric Tonnes)","Value in Rupees (Crore)","Value in Dollars (Million US dollar)",date_updated
April,2022,"CRUDE OIL",Import,21626.17,128800.06,16814.64,"2023-11-11 04:00:12"
April,2022,LPG,Import,1605.47,11841.53,1548.97,"2023-11-11 04:00:12"
April,2022,MS,Import,,,,"2023-11-11 04:00:12"
April,2022,Naphtha,Import,35.36,241.16,31.82,"2023-11-11 04:00:12"
April,2022,ATF,Import,,,,"2023-11-11 04:00:12"
April,2022,HSD,Import,2.56,22.40,2.94,"2023-11-11 04:00:12"
April,2022,"LOBS/ Lube oil",Import,229.79,1590.78,208.83,"2023-11-11 04:00:12"
April,2022,"Fuel Oil",Import,995.86,5016.08,658.86,"2023-11-11 04:00:12"
April,2022,Bitumen,Import,258.43,1047.56,137.53,"2023-11-11 04:00:12"
April,2022,Petcoke,Import,891.89,1704.79,223.82,"2023-11-11 04:00:12"
April,2022,Others&,Import,157.43,1092.43,143.69,"2023-11-11 04:00:12"
April,2022,"PRODUCT IMPORT*",Import,4176.79,22556.72,2956.47,"2023-11-11 04:00:12"
April,2022,"TOTAL IMPORT",Import,25802.96,151356.80,19771.11,"2023-11-11 04:00:12"
April,2022,LPG,Export,47.34,396.92,52.06,"2023-11-11 04:00:12"
April,2022,MS!,Export,1402.28,12031.18,1580.31,"2023-11-11 04:00:12"
April,2022,Naphtha$,Export,610.66,4217.80,553.08,"2023-11-11 04:00:12"
April,2022,ATF#,Export,349.93,2889.12,379.06,"2023-11-11 04:00:12"
April,2022,SKO,Export,1.96,17.40,2.28,"2023-11-11 04:00:12"
April,2022,HSD,Export,2697.56,22821.57,2969.34,"2023-11-11 04:00:12"
April,2022,LDO,Export,0.09,0.79,0.10,"2023-11-11 04:00:12"
April,2022,"LOBS/ Lube Oil",Export,5.29,34.47,4.50,"2023-11-11 04:00:12"
April,2022,"Fuel Oil",Export,41.94,261.26,34.31,"2023-11-11 04:00:12"
April,2022,Bitumen,Export,0.02,0.12,0.02,"2023-11-11 04:00:12"
April,2022,"Petcoke / CBFS",Export,4.40,15.54,2.04,"2023-11-11 04:00:12"
April,2022,Others%,Export,275.37,1788.29,234.18,"2023-11-11 04:00:12"
April,2022,"TOTAL  PRODUCT EXPORT",Export,5436.84,44474.46,5811.26,"2023-11-11 04:00:12"
April,2022,"NET IMPORT",Export,20366.12,106882.33,13959.85,"2023-11-11 04:00:12"
May,2022,"CRUDE OIL",Import,19644.25,119633.62,15468.78,"2023-11-11 04:00:12"
May,2022,LPG,Import,1363.34,9238.98,1195.57,"2023-11-11 04:00:12"
May,2022,MS,Import,29.79,314.45,40.14,"2023-11-11 04:00:12"
May,2022,Naphtha,Import,30.46,260.22,33.66,"2023-11-11 04:00:12"
May,2022,ATF,Import,0.00,0.00,0.00,"2023-11-11 04:00:12"
May,2022,HSD,Import,8.50,102.78,13.29,"2023-11-11 04:00:12"
May,2022,"LOBS/ Lube oil",Import,213.50,1680.77,217.45,"2023-11-11 04:00:12"
May,2022,"Fuel Oil",Import,481.90,2519.27,326.13,"2023-11-11 04:00:12"
May,2022,Bitumen,Import,250.68,1004.94,129.97,"2023-11-11 04:00:12"
May,2022,Petcoke,Import,708.67,1675.71,216.73,"2023-11-11 04:00:12"
May,2022,Others&,Import,197.79,1318.31,170.51,"2023-11-11 04:00:12"
May,2022,"PRODUCT IMPORT*",Import,3284.62,18115.43,2343.45,"2023-11-11 04:00:12"
May,2022,"TOTAL IMPORT",Import,22928.87,137749.05,17812.23,"2023-11-11 04:00:12"
May,2022,LPG,Export,47.23,415.78,54.03,"2023-11-11 04:00:12"
May,2022,MS!,Export,1156.94,11491.51,1486.58,"2023-11-11 04:00:12"
May,2022,Naphtha$,Export,556.06,3643.54,471.39,"2023-11-11 04:00:12"
May,2022,ATF#,Export,447.70,4073.10,526.15,"2023-11-11 04:00:12"
May,2022,SKO,Export,0.69,6.37,0.83,"2023-11-11 04:00:12"
May,2022,HSD,Export,3062.52,27553.48,3568.60,"2023-11-11 04:00:12"
May,2022,LDO,Export,0.11,1.04,0.14,"2023-11-11 04:00:12"
May,2022,"LOBS/ Lube Oil",Export,0.42,6.35,0.83,"2023-11-11 04:00:12"
May,2022,"Fuel Oil",Export,76.75,460.71,60.00,"2023-11-11 04:00:12"
May,2022,Bitumen,Export,0.14,0.78,0.10,"2023-11-11 04:00:12"
May,2022,"Petcoke / CBFS",Export,33.00,124.09,16.00,"2023-11-11 04:00:12"
May,2022,Others%,Export,300.48,2177.20,281.79,"2023-11-11 04:00:12"
May,2022,"TOTAL  PRODUCT EXPORT",Export,5682.03,49953.96,6466.43,"2023-11-11 04:00:12"
May,2022,"NET IMPORT",Export,17246.84,87795.09,11345.79,"2023-11-11 04:00:12"
June,2022,"CRUDE OIL",Import,19441.04,123255.53,15770.83,"2023-11-11 04:00:12"
June,2022,LPG,Import,1263.94,7687.35,979.74,"2023-11-11 04:00:12"
June,2022,MS,Import,127.50,981.97,125.86,"2023-11-11 04:00:12"
June,2022,Naphtha,Import,2.49,13.87,1.78,"2023-11-11 04:00:12"
June,2022,ATF,Import,,,,"2023-11-11 04:00:12"
June,2022,HSD,Import,114.66,1532.69,196.44,"2023-11-11 04:00:12"
June,2022,"LOBS/ Lube oil",Import,180.55,1579.93,202.37,"2023-11-11 04:00:12"
June,2022,"Fuel Oil",Import,600.69,3067.65,395.89,"2023-11-11 04:00:12"
June,2022,Bitumen,Import,210.36,804.35,103.02,"2023-11-11 04:00:12"
June,2022,Petcoke,Import,544.26,1461.59,187.20,"2023-11-11 04:00:12"
June,2022,Others&,Import,95.14,765.33,98.03,"2023-11-11 04:00:12"
June,2022,"PRODUCT IMPORT*",Import,3139.59,17894.72,2290.33,"2023-11-11 04:00:12"
June,2022,"TOTAL IMPORT",Import,22580.63,141150.25,18061.16,"2023-11-11 04:00:12"
June,2022,LPG,Export,49.58,409.85,52.53,"2023-11-11 04:00:12"
June,2022,MS!,Export,1161.60,12338.86,1578.60,"2023-11-11 04:00:12"
June,2022,Naphtha$,Export,815.09,5154.59,660.99,"2023-11-11 04:00:12"
June,2022,ATF#,Export,590.80,6051.49,774.35,"2023-11-11 04:00:12"
June,2022,SKO,Export,1.26,12.29,1.58,"2023-11-11 04:00:12"
June,2022,HSD,Export,2456.21,24862.32,3182.56,"2023-11-11 04:00:12"
June,2022,LDO,Export,0.09,0.87,0.11,"2023-11-11 04:00:12"
June,2022,"LOBS/ Lube Oil",Export,1.06,16.67,2.12,"2023-11-11 04:00:12"
June,2022,"Fuel Oil",Export,126.83,612.44,77.11,"2023-11-11 04:00:12"
June,2022,Bitumen,Export,1.06,5.67,0.72,"2023-11-11 04:00:12"
June,2022,"Petcoke / CBFS",Export,35.50,129.88,16.62,"2023-11-11 04:00:12"
June,2022,Others%,Export,267.11,1907.09,243.83,"2023-11-11 04:00:12"
June,2022,"TOTAL  PRODUCT EXPORT",Export,5506.20,51502.03,6591.12,"2023-11-11 04:00:12"
June,2022,"NET IMPORT",Export,17074.43,89648.22,11470.04,"2023-11-11 04:00:12"
July,2022,"CRUDE OIL",Import,20624.25,128755.47,16264.64,"2023-11-11 04:00:12"
July,2022,LPG,Import,1417.22,8397.37,1056.05,"2023-11-11 04:00:12"
July,2022,MS,Import,62.85,619.84,78.02,"2023-11-11 04:00:12"
July,2022,Naphtha,Import,144.88,924.01,116.89,"2023-11-11 04:00:12"
July,2022,ATF,Import,,,,"2023-11-11 04:00:12"
July,2022,HSD,Import,145.80,1491.33,187.70,"2023-11-11 04:00:12"
July,2022,"LOBS/ Lube oil",Import,221.74,2086.71,262.15,"2023-11-11 04:00:12"
July,2022,"Fuel Oil",Import,749.27,3545.67,451.63,"2023-11-11 04:00:12"
July,2022,Bitumen,Import,119.68,451.79,56.76,"2023-11-11 04:00:12"
July,2022,Petcoke,Import,793.23,1787.10,224.51,"2023-11-11 04:00:12"
July,2022,Others&,Import,84.38,618.97,77.76,"2023-11-11 04:00:12"
July,2022,"PRODUCT IMPORT*",Import,3739.05,19922.78,2511.45,"2023-11-11 04:00:12"
July,2022,"TOTAL IMPORT",Import,24363.30,148678.25,18776.09,"2023-11-11 04:00:12"
July,2022,LPG,Export,41.27,309.16,38.91,"2023-11-11 04:00:12"
July,2022,MS!,Export,1109.40,9403.22,1179.92,"2023-11-11 04:00:12"
July,2022,Naphtha$,Export,354.59,2168.29,272.99,"2023-11-11 04:00:12"
July,2022,ATF#,Export,582.87,5085.64,639.78,"2023-11-11 04:00:12"
July,2022,SKO,Export,0.96,10.86,1.37,"2023-11-11 04:00:12"
July,2022,HSD,Export,2188.09,19511.17,2451.17,"2023-11-11 04:00:12"
July,2022,LDO,Export,0.12,1.18,0.15,"2023-11-11 04:00:12"
July,2022,"LOBS/ Lube Oil",Export,0.78,13.01,1.64,"2023-11-11 04:00:12"
July,2022,"Fuel Oil",Export,186.18,722.89,90.29,"2023-11-11 04:00:12"
July,2022,Bitumen,Export,0.05,0.25,0.03,"2023-11-11 04:00:12"
July,2022,"Petcoke / CBFS",Export,11.00,35.27,4.41,"2023-11-11 04:00:12"
July,2022,Others%,Export,213.67,1515.66,189.29,"2023-11-11 04:00:12"
July,2022,"TOTAL  PRODUCT EXPORT",Export,4688.98,38776.60,4869.95,"2023-11-11 04:00:12"
July,2022,"NET IMPORT",Export,19674.32,109901.65,13906.15,"2023-11-11 04:00:12"
August,2022,"CRUDE OIL",Import,17637.21,104567.31,13107.36,"2023-11-11 04:00:12"
August,2022,LPG,Import,1573.95,8569.86,1075.18,"2023-11-11 04:00:12"
August,2022,MS,Import,0.00,0.14,0.02,"2023-11-11 04:00:12"
August,2022,Naphtha,Import,89.85,475.25,59.67,"2023-11-11 04:00:12"
August,2022,ATF,Import,,,,"2023-11-11 04:00:12"
August,2022,HSD,Import,7.86,86.04,10.81,"2023-11-11 04:00:12"
August,2022,"LOBS/ Lube oil",Import,165.02,1616.93,203.23,"2023-11-11 04:00:12"
August,2022,"Fuel Oil",Import,702.33,2952.61,370.37,"2023-11-11 04:00:12"
August,2022,Bitumen,Import,64.46,223.25,28.06,"2023-11-11 04:00:12"
August,2022,Petcoke,Import,465.98,1351.02,169.82,"2023-11-11 04:00:12"
August,2022,Others&,Import,139.73,911.76,114.83,"2023-11-11 04:00:12"
August,2022,"PRODUCT IMPORT*",Import,3209.18,16186.85,2032.00,"2023-11-11 04:00:12"
August,2022,"TOTAL IMPORT",Import,20846.39,120754.17,15139.36,"2023-11-11 04:00:12"
August,2022,LPG,Export,39.08,283.96,35.65,"2023-11-11 04:00:12"
August,2022,MS!,Export,1018.40,7315.99,915.64,"2023-11-11 04:00:12"
August,2022,Naphtha$,Export,413.79,2274.91,285.59,"2023-11-11 04:00:12"
August,2022,ATF#,Export,744.93,6365.60,799.78,"2023-11-11 04:00:12"
August,2022,SKO,Export,0.47,4.59,0.58,"2023-11-11 04:00:12"
August,2022,HSD,Export,2365.09,19605.84,2470.62,"2023-11-11 04:00:12"
August,2022,LDO,Export,0.08,0.74,0.09,"2023-11-11 04:00:12"
August,2022,"LOBS/ Lube Oil",Export,0.47,8.03,1.01,"2023-11-11 04:00:12"
August,2022,"Fuel Oil",Export,221.40,1046.97,131.00,"2023-11-11 04:00:12"
August,2022,Bitumen,Export,0.02,0.10,0.01,"2023-11-11 04:00:12"
August,2022,"Petcoke / CBFS",Export,38.50,32.76,4.14,"2023-11-11 04:00:12"
August,2022,Others%,Export,398.13,1768.26,221.89,"2023-11-11 04:00:12"
August,2022,"TOTAL  PRODUCT EXPORT",Export,5240.35,38707.75,4866.02,"2023-11-11 04:00:12"
August,2022,"NET IMPORT",Export,15606.04,82046.41,10273.35,"2023-11-11 04:00:12"
September,2022,"CRUDE OIL",Import,16772.21,95157.74,11827.31,"2023-11-11 04:00:12"
September,2022,LPG,Import,1448.22,7569.74,939.26,"2023-11-11 04:00:12"
September,2022,MS,Import,189.75,1390.81,173.17,"2023-11-11 04:00:12"
September,2022,Naphtha,Import,76.37,355.43,43.99,"2023-11-11 04:00:12"
September,2022,ATF,Import,,,,"2023-11-11 04:00:12"
September,2022,HSD,Import,1.67,14.53,1.81,"2023-11-11 04:00:12"
September,2022,"LOBS/ Lube oil",Import,133.13,1282.39,159.84,"2023-11-11 04:00:12"
September,2022,"Fuel Oil",Import,567.22,2178.97,272.23,"2023-11-11 04:00:12"
September,2022,Bitumen,Import,116.38,394.11,49.10,"2023-11-11 04:00:12"
September,2022,Petcoke,Import,539.09,1020.89,127.24,"2023-11-11 04:00:12"
September,2022,Others&,Import,89.16,646.21,80.55,"2023-11-11 04:00:12"
September,2022,"PRODUCT IMPORT*",Import,3160.99,14853.08,1847.19,"2023-11-11 04:00:12"
September,2022,"TOTAL IMPORT",Import,19933.20,110010.82,13674.49,"2023-11-11 04:00:12"
September,2022,LPG,Export,39.79,266.92,33.38,"2023-11-11 04:00:12"
September,2022,MS!,Export,670.66,4570.71,576.24,"2023-11-11 04:00:12"
September,2022,Naphtha$,Export,467.85,2331.02,290.80,"2023-11-11 04:00:12"
September,2022,ATF#,Export,689.20,5317.84,660.54,"2023-11-11 04:00:12"
September,2022,SKO,Export,0.79,7.45,0.93,"2023-11-11 04:00:12"
September,2022,HSD,Export,2689.17,21040.05,2618.69,"2023-11-11 04:00:12"
September,2022,LDO,Export,0.12,1.00,0.13,"2023-11-11 04:00:12"
September,2022,"LOBS/ Lube Oil",Export,0.73,13.62,1.69,"2023-11-11 04:00:12"
September,2022,"Fuel Oil",Export,155.73,546.32,71.63,"2023-11-11 04:00:12"
September,2022,Bitumen,Export,2.11,10.24,1.26,"2023-11-11 04:00:12"
September,2022,"Petcoke / CBFS",Export,16.50,13.80,1.73,"2023-11-11 04:00:12"
September,2022,Others%,Export,254.49,1225.17,152.61,"2023-11-11 04:00:12"
September,2022,"TOTAL  PRODUCT EXPORT",Export,4987.15,35344.14,4409.62,"2023-11-11 04:00:12"
September,2022,"NET IMPORT",Export,14946.05,74666.67,9264.87,"2023-11-11 04:00:12"
October,2022,"CRUDE OIL",Import,18123.45,99194.38,12086.55,"2023-11-11 04:00:12"
October,2022,LPG,Import,1374.06,6611.22,804.95,"2023-11-11 04:00:12"
October,2022,MS,Import,327.48,2433.86,295.82,"2023-11-11 04:00:12"
October,2022,Naphtha,Import,134.80,636.94,77.28,"2023-11-11 04:00:12"
October,2022,ATF,Import,,,,"2023-11-11 04:00:12"
October,2022,HSD,Import,10.22,91.97,11.17,"2023-11-11 04:00:12"
October,2022,"LOBS/ Lube oil",Import,212.25,1887.51,229.29,"2023-11-11 04:00:12"
October,2022,"Fuel Oil",Import,654.76,2472.89,300.61,"2023-11-11 04:00:12"
October,2022,Bitumen,Import,226.00,773.73,93.97,"2023-11-11 04:00:12"
October,2022,Petcoke,Import,855.05,1587.72,192.82,"2023-11-11 04:00:12"
October,2022,Others&,Import,96.27,604.48,73.42,"2023-11-11 04:00:12"
October,2022,"PRODUCT IMPORT*",Import,3890.89,17100.32,2079.34,"2023-11-11 04:00:12"
October,2022,"TOTAL IMPORT",Import,22014.34,116294.70,14165.89,"2023-11-11 04:00:12"
October,2022,LPG,Export,42.77,274.94,33.51,"2023-11-11 04:00:12"
October,2022,MS!,Export,499.71,3302.35,401.99,"2023-11-11 04:00:12"
October,2022,Naphtha$,Export,371.58,2009.05,244.07,"2023-11-11 04:00:12"
October,2022,ATF#,Export,639.48,5347.42,650.00,"2023-11-11 04:00:12"
October,2022,SKO,Export,0.72,6.42,0.78,"2023-11-11 04:00:12"
October,2022,HSD,Export,2062.15,17901.67,2174.84,"2023-11-11 04:00:12"
October,2022,LDO,Export,0.15,1.26,0.16,"2023-11-11 04:00:12"
October,2022,"LOBS/ Lube Oil",Export,0.47,7.89,0.96,"2023-11-11 04:00:12"
October,2022,"Fuel Oil",Export,229.38,968.50,117.40,"2023-11-11 04:00:12"
October,2022,Bitumen,Export,2.13,10.96,1.34,"2023-11-11 04:00:12"
October,2022,"Petcoke / CBFS",Export,,,,"2023-11-11 04:00:12"
October,2022,Others%,Export,123.09,852.02,103.31,"2023-11-11 04:00:12"
October,2022,"TOTAL  PRODUCT EXPORT",Export,3971.63,30682.49,3728.38,"2023-11-11 04:00:12"
October,2022,"NET IMPORT",Export,18042.71,85612.21,10437.51,"2023-11-11 04:00:12"
November,2022,"CRUDE OIL",Import,19003.28,100258.76,12252.89,"2023-11-11 04:00:12"
November,2022,LPG,Import,1778.00,9200.65,1120.34,"2023-11-11 04:00:12"
November,2022,MS,Import,211.36,1527.15,185.57,"2023-11-11 04:00:12"
November,2022,Naphtha,Import,27.56,173.61,21.19,"2023-11-11 04:00:12"
November,2022,ATF,Import,,,,"2023-11-11 04:00:12"
November,2022,HSD,Import,6.62,66.54,8.13,"2023-11-11 04:00:12"
November,2022,"LOBS/ Lube oil",Import,159.27,1420.51,173.54,"2023-11-11 04:00:12"
November,2022,"Fuel Oil",Import,568.74,2037.90,248.84,"2023-11-11 04:00:12"
November,2022,Bitumen,Import,345.95,1092.41,133.51,"2023-11-11 04:00:12"
November,2022,Petcoke,Import,846.85,1709.94,209.01,"2023-11-11 04:00:12"
November,2022,Others&,Import,94.41,673.20,82.28,"2023-11-11 04:00:12"
November,2022,"PRODUCT IMPORT*",Import,4038.78,17901.91,2182.42,"2023-11-11 04:00:12"
November,2022,"TOTAL IMPORT",Import,23042.06,118160.67,14435.30,"2023-11-11 04:00:12"
November,2022,LPG,Export,41.43,251.00,30.49,"2023-11-11 04:00:12"
November,2022,MS!,Export,841.66,5727.39,690.99,"2023-11-11 04:00:12"
November,2022,Naphtha$,Export,423.19,2335.96,285.16,"2023-11-11 04:00:12"
November,2022,ATF#,Export,591.10,4880.10,595.76,"2023-11-11 04:00:12"
November,2022,SKO,Export,0.86,8.03,0.98,"2023-11-11 04:00:12"
November,2022,HSD,Export,1978.59,15873.61,1940.43,"2023-11-11 04:00:12"
November,2022,LDO,Export,0.13,1.20,0.15,"2023-11-11 04:00:12"
November,2022,"LOBS/ Lube Oil",Export,0.80,11.48,1.40,"2023-11-11 04:00:12"
November,2022,"Fuel Oil",Export,158.57,720.73,88.32,"2023-11-11 04:00:12"
November,2022,Bitumen,Export,0.09,0.48,0.06,"2023-11-11 04:00:12"
November,2022,"Petcoke / CBFS",Export,,,,"2023-11-11 04:00:12"
November,2022,Others%,Export,229.29,1278.51,156.16,"2023-11-11 04:00:12"
November,2022,"TOTAL  PRODUCT EXPORT",Export,4265.72,31088.49,3789.88,"2023-11-11 04:00:12"
November,2022,"NET IMPORT",Export,18776.34,87072.18,10645.42,"2023-11-11 04:00:12"
December,2022,"CRUDE OIL",Import,19617.71,94253.23,11445.03,"2023-11-11 04:00:12"
December,2022,LPG,Import,1718.14,9567.42,1168.61,"2023-11-11 04:00:12"
December,2022,MS,Import,119.99,841.68,102.65,"2023-11-11 04:00:12"
December,2022,Naphtha,Import,88.43,388.05,46.98,"2023-11-11 04:00:12"
December,2022,ATF,Import,,,,"2023-11-11 04:00:12"
December,2022,HSD,Import,12.17,110.78,13.43,"2023-11-11 04:00:12"
December,2022,"LOBS/ Lube oil",Import,139.05,1204.29,146.20,"2023-11-11 04:00:12"
December,2022,"Fuel Oil",Import,963.12,2952.31,359.00,"2023-11-11 04:00:12"
December,2022,Bitumen,Import,282.50,1021.87,123.92,"2023-11-11 04:00:12"
December,2022,Petcoke,Import,595.31,971.63,117.82,"2023-11-11 04:00:12"
December,2022,Others&,Import,130.25,855.07,103.70,"2023-11-11 04:00:12"
December,2022,"PRODUCT IMPORT*",Import,4048.96,17913.11,2182.31,"2023-11-11 04:00:12"
December,2022,"TOTAL IMPORT",Import,23666.67,112166.34,13627.34,"2023-11-11 04:00:12"
December,2022,LPG,Export,44.23,273.28,33.51,"2023-11-11 04:00:12"
December,2022,MS!,Export,1242.11,8138.87,995.62,"2023-11-11 04:00:12"
December,2022,Naphtha$,Export,440.81,2245.72,273.36,"2023-11-11 04:00:12"
December,2022,ATF#,Export,623.58,4543.68,552.60,"2023-11-11 04:00:12"
December,2022,SKO,Export,0.89,8.24,1.01,"2023-11-11 04:00:12"
December,2022,HSD,Export,2412.60,17381.54,2109.28,"2023-11-11 04:00:12"
December,2022,LDO,Export,0.19,1.52,0.19,"2023-11-11 04:00:12"
December,2022,"LOBS/ Lube Oil",Export,0.58,10.10,1.23,"2023-11-11 04:00:12"
December,2022,"Fuel Oil",Export,247.84,925.51,112.04,"2023-11-11 04:00:12"
December,2022,Bitumen,Export,0.19,0.45,0.06,"2023-11-11 04:00:12"
December,2022,"Petcoke / CBFS",Export,,,,"2023-11-11 04:00:12"
December,2022,Others%,Export,684.25,3372.83,408.61,"2023-11-11 04:00:12"
December,2022,"TOTAL  PRODUCT EXPORT",Export,5697.27,36901.73,4487.50,"2023-11-11 04:00:12"
December,2022,"NET IMPORT",Export,17969.40,75264.61,9139.84,"2023-11-11 04:00:12"
January,2023,"CRUDE OIL",Import,20229.31,92441.85,11350.71,"2023-11-11 04:00:12"
January,2023,LPG,Import,1709.11,8825.40,1070.50,"2023-11-11 04:00:12"
January,2023,MS,Import,0.01,0.27,0.03,"2023-11-11 04:00:12"
January,2023,Naphtha,Import,40.51,184.15,22.61,"2023-11-11 04:00:12"
January,2023,ATF,Import,,,,"2023-11-11 04:00:12"
January,2023,HSD,Import,4.65,45.50,5.56,"2023-11-11 04:00:12"
January,2023,"LOBS/ Lube oil",Import,139.03,1183.35,144.46,"2023-11-11 04:00:12"
January,2023,"Fuel Oil",Import,893.44,2764.80,337.55,"2023-11-11 04:00:12"
January,2023,Bitumen,Import,268.88,914.69,111.69,"2023-11-11 04:00:12"
January,2023,Petcoke,Import,515.66,1356.03,165.57,"2023-11-11 04:00:12"
January,2023,Others&,Import,211.15,1176.87,143.96,"2023-11-11 04:00:12"
January,2023,"PRODUCT IMPORT*",Import,3782.42,16451.06,2001.92,"2023-11-11 04:00:12"
January,2023,"TOTAL IMPORT",Import,24011.73,108892.91,13352.63,"2023-11-11 04:00:12"
January,2023,LPG,Export,47.43,312.04,37.55,"2023-11-11 04:00:12"
January,2023,MS!,Export,1165.30,8424.65,1035.62,"2023-11-11 04:00:12"
January,2023,Naphtha$,Export,333.14,1812.00,220.44,"2023-11-11 04:00:12"
January,2023,ATF#,Export,567.87,4429.26,541.67,"2023-11-11 04:00:12"
January,2023,SKO,Export,0.88,7.30,0.88,"2023-11-11 04:00:12"
January,2023,HSD,Export,1990.66,14376.25,1755.37,"2023-11-11 04:00:12"
January,2023,LDO,Export,0.11,0.84,0.10,"2023-11-11 04:00:12"
January,2023,"LOBS/ Lube Oil",Export,0.69,10.37,1.27,"2023-11-11 04:00:12"
January,2023,"Fuel Oil",Export,179.19,685.22,83.35,"2023-11-11 04:00:12"
January,2023,Bitumen,Export,0.04,0.20,0.02,"2023-11-11 04:00:12"
January,2023,"Petcoke / CBFS",Export,,,,"2023-11-11 04:00:12"
January,2023,Others%,Export,215.48,1201.61,145.91,"2023-11-11 04:00:12"
January,2023,"TOTAL  PRODUCT EXPORT",Export,4500.78,31259.74,3822.18,"2023-11-11 04:00:12"
January,2023,"NET IMPORT",Export,19510.95,77633.17,9530.45,"2023-11-11 04:00:12"
February,2023,"CRUDE OIL",Import,19284.87,85799.49,10421.19,"2023-11-11 04:00:12"
February,2023,LPG,Import,1647.48,10878.43,1319.93,"2023-11-11 04:00:12"
February,2023,MS,Import,,,,"2023-11-11 04:00:12"
February,2023,Naphtha,Import,127.55,687.10,83.30,"2023-11-11 04:00:12"
February,2023,ATF,Import,,,,"2023-11-11 04:00:12"
February,2023,HSD,Import,9.79,43.61,5.28,"2023-11-11 04:00:12"
February,2023,"LOBS/ Lube oil",Import,184.28,1514.67,183.40,"2023-11-11 04:00:12"
February,2023,"Fuel Oil",Import,640.15,1893.73,229.43,"2023-11-11 04:00:12"
February,2023,Bitumen,Import,296.05,986.93,119.47,"2023-11-11 04:00:12"
February,2023,Petcoke,Import,724.77,1351.38,163.59,"2023-11-11 04:00:12"
February,2023,Others&,Import,88.79,589.71,71.39,"2023-11-11 04:00:12"
February,2023,"PRODUCT IMPORT*",Import,3718.86,17945.56,2175.78,"2023-11-11 04:00:12"
February,2023,"TOTAL IMPORT",Import,23003.74,103745.05,12596.97,"2023-11-11 04:00:12"
February,2023,LPG,Export,42.48,264.48,32.16,"2023-11-11 04:00:12"
February,2023,MS!,Export,1379.37,9773.61,1176.31,"2023-11-11 04:00:12"
February,2023,Naphtha$,Export,416.01,2342.99,284.20,"2023-11-11 04:00:12"
February,2023,ATF#,Export,649.61,4604.41,556.73,"2023-11-11 04:00:12"
February,2023,SKO,Export,0.52,4.51,0.55,"2023-11-11 04:00:12"
February,2023,HSD,Export,2149.96,14669.97,1774.39,"2023-11-11 04:00:12"
February,2023,LDO,Export,0.14,1.15,0.14,"2023-11-11 04:00:12"
February,2023,"LOBS/ Lube Oil",Export,0.10,1.83,0.22,"2023-11-11 04:00:12"
February,2023,"Fuel Oil",Export,75.89,324.54,39.39,"2023-11-11 04:00:12"
February,2023,Bitumen,Export,0.37,1.31,0.16,"2023-11-11 04:00:12"
February,2023,"Petcoke / CBFS",Export,22.00,24.49,2.97,"2023-11-11 04:00:12"
February,2023,Others%,Export,319.99,1738.24,210.57,"2023-11-11 04:00:12"
February,2023,"TOTAL  PRODUCT EXPORT",Export,5056.45,33751.52,4077.79,"2023-11-11 04:00:12"
February,2023,"NET IMPORT",Export,17947.29,69993.53,8519.17,"2023-11-11 04:00:12"
March,2023,"CRUDE OIL",Import,20728.60,88792.30,10787.15,"2023-11-11 04:00:12"
March,2023,LPG,Import,1410.44,8766.62,1061.02,"2023-11-11 04:00:12"
March,2023,MS,Import,,,,"2023-11-11 04:00:12"
March,2023,Naphtha,Import,98.26,441.55,53.97,"2023-11-11 04:00:12"
March,2023,ATF,Import,,,,"2023-11-11 04:00:12"
March,2023,HSD,Import,3.86,29.77,3.62,"2023-11-11 04:00:12"
March,2023,"LOBS/ Lube oil",Import,174.61,1401.02,170.25,"2023-11-11 04:00:12"
March,2023,"Fuel Oil",Import,745.11,2072.38,251.78,"2023-11-11 04:00:12"
March,2023,Bitumen,Import,347.48,1186.41,144.17,"2023-11-11 04:00:12"
March,2023,Petcoke,Import,1182.91,2179.56,264.87,"2023-11-11 04:00:12"
March,2023,Others&,Import,389.10,1964.51,238.84,"2023-11-11 04:00:12"
March,2023,"PRODUCT IMPORT*",Import,4351.78,18041.81,2188.51,"2023-11-11 04:00:12"
March,2023,"TOTAL IMPORT",Import,25080.38,106834.12,12975.66,"2023-11-11 04:00:12"
March,2023,LPG,Export,51.29,395.39,47.68,"2023-11-11 04:00:12"
March,2023,MS!,Export,1470.41,9970.83,1210.75,"2023-11-11 04:00:12"
March,2023,Naphtha$,Export,511.34,2820.72,342.07,"2023-11-11 04:00:12"
March,2023,ATF#,Export,786.49,5010.41,608.44,"2023-11-11 04:00:12"
March,2023,SKO,Export,0.84,7.02,0.85,"2023-11-11 04:00:12"
March,2023,HSD,Export,2481.95,15532.71,1887.59,"2023-11-11 04:00:12"
March,2023,LDO,Export,0.16,1.23,0.15,"2023-11-11 04:00:12"
March,2023,"LOBS/ Lube Oil",Export,1.03,15.27,1.86,"2023-11-11 04:00:12"
March,2023,"Fuel Oil",Export,141.24,559.43,68.09,"2023-11-11 04:00:12"
March,2023,Bitumen,Export,2.56,11.85,1.45,"2023-11-11 04:00:12"
March,2023,"Petcoke / CBFS",Export,123.19,272.24,33.14,"2023-11-11 04:00:12"
March,2023,Others%,Export,435.15,1647.61,199.86,"2023-11-11 04:00:12"
March,2023,"TOTAL  PRODUCT EXPORT",Export,6005.65,36244.71,4401.91,"2023-11-11 04:00:12"
March,2023,"NET IMPORT",Export,19074.73,70589.40,8573.75,"2023-11-11 04:00:12"
